Workbook

Sheet Raw Data
A1: project_id | B1: billing_month | C1: project_manager | D1: department | E1: logged_hours | F1: billed_hours | G1: leakage_hours | H1: leakage_inr | I1: leakage_pct | J1: risk_flag | K1: client_name | L1: invoice_amount_inr
A2: PROJ-014 | B2: 45689 | C2: Priya Mehta | D2: DevOps | E2: 450.4 | F2: 0 | G2: 450.4 | H2: 1351200 | I2: 100 | J2: HIGH RISK | K2: NO INVOICE | L2: 0
A3: PROJ-017 | B3: 45658 | C3: Priya Mehta | D3: Frontend Development | E3: 475.6 | F3: 0 | G3: 475.6 | H3: 1058210 | I3: 100 | J3: HIGH RISK | K3: TalentBridge HR Tech | L3: 0
A4: PROJ-004 | B4: 45809 | C4: Karan Patel | D4: Data Engineering | E4: 312.7 | F4: 0 | G4: 312.7 | H4: 1031910 | I4: 100 | J4: HIGH RISK | K4: NO INVOICE | L4: 0
A5: PROJ-008 | B5: 45689 | C5: Rahul Desai | D5: DevOps | E5: 290.4 | F5: 0 | G5: 290.4 | H5: 980100 | I5: 100 | J5: HIGH RISK | K5: NO INVOICE | L5: 0
A6: PROJ-014 | B6: 45658 | C6: Priya Mehta | D6: DevOps | E6: 284.3 | F6: 0 | G6: 284.3 | H6: 817362.5 | I6: 100 | J6: HIGH RISK | K6: NO INVOICE | L6: 0
A7: PROJ-013 | B7: 45748 | C7: Divya Sharma | D7: Data Engineering | E7: 264.7 | F7: 0 | G7: 264.7 | H7: 776453.33 | I7: 100 | J7: HIGH RISK | K7: NO INVOICE | L7: 0
A8: PROJ-007 | B8: 45689 | C8: Rahul Desai | D8: Frontend Development | E8: 298.3 | F8: 0 | G8: 298.3 | H8: 727852 | I8: 100 | J8: HIGH RISK | K8: NO INVOICE | L8: 0
A9: PROJ-005 | B9: 45748 | C9: Sneha Kulkarni | D9: Support | E9: 275.2 | F9: 0 | G9: 275.2 | H9: 715520 | I9: 100 | J9: HIGH RISK | K9: NO INVOICE | L9: 0
A10: PROJ-016 | B10: 45658 | C10: Arjun Nair | D10: QA | E10: 397.6 | F10: 0 | G10: 397.6 | H10: 685860 | I10: 100 | J10: HIGH RISK | K10: NO INVOICE | L10: 0
A11: PROJ-016 | B11: 45689 | C11: Arjun Nair | D11: QA | E11: 352.5 | F11: 0 | G11: 352.5 | H11: 634500 | I11: 100 | J11: HIGH RISK | K11: NO INVOICE | L11: 0
A12: PROJ-018 | B12: 45778 | C12: Priya Mehta | D12: Frontend Development | E12: 282.4 | F12: 0 | G12: 282.4 | H12: 564800 | I12: 100 | J12: HIGH RISK | K12: NO INVOICE | L12: 0
A13: PROJ-010 | B13: 45809 | C13: Priya Mehta | D13: QA | E13: 202 | F13: 0 | G13: 202 | H13: 538666.67 | I13: 100 | J13: HIGH RISK | K13: NO INVOICE | L13: 0
... A41: PROJ-002 | B41: 45717 | C41: Priya Mehta | D41: Data Engineering | E41: 10.3 | F41: 8.4 | G41: 1.9 | H41: 5510 | I41: 18.45 | J41: HIGH RISK | K41: FinServe Bank Ltd | L41: 25200

Sheet Revenue Leakage Analysis
A1: Revenue Leakage Analysis Dashboard (Jan – Jun 2025)
A2: Total Leakage: ₹1.50 Cr | Avg Leakage Rate: 53.6%
E3: Leakage Rate (%)
E4: =(D4/C4) -> 0.5841459
E5: =(D5/C5) -> 0.76238744
E6: =(D6/C6) -> 0.26593426
E7: =(D7/C7) -> 0.41829984
E8: =(D8/C8) -> 0.39928119
E9: =(D9/C9) -> 0.64291253
E10: =(D10/C10) -> 0.53574374

Sheet Pareto Analysis
A1: Revenue Leakage Pareto Analysis (2025)
A2: =IFERROR(__xludf.DUMMYFUNCTION("QUERY('Raw Data'!A:L, ""select A, sum(H) where A is not null group by A order by sum(H) desc label sum(H) 'total_leakage_inr'"",1)"),"project_id") -> project_id | B2: =IFERROR(__xludf.DUMMYFUNCTION("""COMPUTED_VALUE"""),"total_leakage_inr") -> total_leakage_inr | C2: cumulative_inr | D2: % of Total | E2: Cumulative % | F2: Category
A3: =IFERROR(__xludf.DUMMYFUNCTION("""COMPUTED_VALUE"""),"PROJ-014") -> PROJ-014 | B3: =IFERROR(__xludf.DUMMYFUNCTION("""COMPUTED_VALUE"""),2281092.5) -> 2281092.5 | C3: =SUM($B$3:B3) -> 2281092.5 | D3: =B3/$C$22 -> 0.15183836 | E3: =C3/$C$22 -> 0.15183836 | F3: =IF(E3<=0.8,"Top 80% Contributors","Remaining 20%") -> Top 80% Contributors
A4: =IFERROR(__xludf.DUMMYFUNCTION("""COMPUTED_VALUE"""),"PROJ-016") -> PROJ-016 | B4: =IFERROR(__xludf.DUMMYFUNCTION("""COMPUTED_VALUE"""),1455600.0) -> 1455600 | C4: =SUM($B$3:B4) -> 3736692.5 | D4: =B4/$C$22 -> 0.09689038 | E4: =C4/$C$22 -> 0.24872874 | F4: =IF(E4<=0.8,"Top 80% Contributors","Remaining 20%") -> Top 80% Contributors
A5: =IFERROR(__xludf.DUMMYFUNCTION("""COMPUTED_VALUE"""),"PROJ-004") -> PROJ-004 | B5: =IFERROR(__xludf.DUMMYFUNCTION("""COMPUTED_VALUE"""),1269942.0) -> 1269942 | C5: =SUM($B$3:B5) -> 5006634.5 | D5: =B5/$C$22 -> 0.084532263 | E5: =C5/$C$22 -> 0.333261 | F5: =IF(E5<=0.8,"Top 80% Contributors","Remaining 20%") -> Top 80% Contributors
A6: =IFERROR(__xludf.DUMMYFUNCTION("""COMPUTED_VALUE"""),"PROJ-008") -> PROJ-008 | B6: =IFERROR(__xludf.DUMMYFUNCTION("""COMPUTED_VALUE"""),1155412.5) -> 1155412.5 | C6: =SUM($B$3:B6) -> 6162047 | D6: =B6/$C$22 -> 0.076908736 | E6: =C6/$C$22 -> 0.41016974 | F6: =IF(E6<=0.8,"Top 80% Contributors","Remaining 20%") -> Top 80% Contributors
A7: =IFERROR(__xludf.DUMMYFUNCTION("""COMPUTED_VALUE"""),"PROJ-017") -> PROJ-017 | B7: =IFERROR(__xludf.DUMMYFUNCTION("""COMPUTED_VALUE"""),1058210.0) -> 1058210 | C7: =SUM($B$3:B7) -> 7220257 | D7: =B7/$C$22 -> 0.070438561 | E7: =C7/$C$22 -> 0.4806083 | F7: =IF(E7<=0.8,"Top 80% Contributors","Remaining 20%") -> Top 80% Contributors
A8: =IFERROR(__xludf.DUMMYFUNCTION("""COMPUTED_VALUE"""),"PROJ-009") -> PROJ-009 | B8: =IFERROR(__xludf.DUMMYFUNCTION("""COMPUTED_VALUE"""),1043093.33) -> 1043093.3 | C8: =SUM($B$3:B8) -> 8263350.3 | D8: =B8/$C$22 -> 0.069432336 | E8: =C8/$C$22 -> 0.55004064 | F8: =IF(E8<=0.8,"Top 80% Contributors","Remaining 20%") -> Top 80% Contributors
A9: =IFERROR(__xludf.DUMMYFUNCTION("""COMPUTED_VALUE"""),"PROJ-013") -> PROJ-013 | B9: =IFERROR(__xludf.DUMMYFUNCTION("""COMPUTED_VALUE"""),870883.33) -> 870883.33 | C9: =SUM($B$3:B9) -> 9134233.7 | D9: =B9/$C$22 -> 0.057969371 | E9: =C9/$C$22 -> 0.60801001 | F9: =IF(E9<=0.8,"Top 80% Contributors","Remaining 20%") -> Top 80% Contributors
A10: =IFERROR(__xludf.DUMMYFUNCTION("""COMPUTED_VALUE"""),"PROJ-005") -> PROJ-005 | B10: =IFERROR(__xludf.DUMMYFUNCTION("""COMPUTED_VALUE"""),847370.0) -> 847370 | C10: =SUM($B$3:B10) -> 9981603.7 | D10: =B10/$C$22 -> 0.056404233 | E10: =C10/$C$22 -> 0.66441424 | F10: =IF(E10<=0.8,"Top 80% Contributors","Remaining 20%") -> Top 80% Contributors
A11: =IFERROR(__xludf.DUMMYFUNCTION("""COMPUTED_VALUE"""),"PROJ-015") -> PROJ-015 | B11: =IFERROR(__xludf.DUMMYFUNCTION("""COMPUTED_VALUE"""),835340.0) -> 835340 | C11: =SUM($B$3:B11) -> 10816944 | D11: =B11/$C$22 -> 0.055603469 | E11: =C11/$C$22 -> 0.72001771 | F11: =IF(E11<=0.8,"Top 80% Contributors","Remaining 20%") -> Top 80% Contributors
A12: =IFERROR(__xludf.DUMMYFUNCTION("""COMPUTED_VALUE"""),"PROJ-007") -> PROJ-007 | B12: =IFERROR(__xludf.DUMMYFUNCTION("""COMPUTED_VALUE"""),727852.0) -> 727852 | C12: =SUM($B$3:B12) -> 11544796 | D12: =B12/$C$22 -> 0.048448651 | E12: =C12/$C$22 -> 0.76846636 | F12: =IF(E12<=0.8,"Top 80% Contributors","Remaining 20%") -> Top 80% Contributors
A13: =IFERROR(__xludf.DUMMYFUNCTION("""COMPUTED_VALUE"""),"PROJ-006") -> PROJ-006 | B13: =IFERROR(__xludf.DUMMYFUNCTION("""COMPUTED_VALUE"""),586696.67) -> 586696.67 | C13: =SUM($B$3:B13) -> 12131492 | D13: =B13/$C$22 -> 0.039052805 | E13: =C13/$C$22 -> 0.80751917 | F13: =IF(E13<=0.8,"Top 80% Contributors","Remaining 20%") -> Remaining 20%
A14: =IFERROR(__xludf.DUMMYFUNCTION("""COMPUTED_VALUE"""),"PROJ-002") -> PROJ-002 | B14: =IFERROR(__xludf.DUMMYFUNCTION("""COMPUTED_VALUE"""),580613.33) -> 580613.33 | C14: =SUM($B$3:B14) -> 12712106 | D14: =B14/$C$22 -> 0.038647874 | E14: =C14/$C$22 -> 0.84616704 | F14: =IF(E14<=0.8,"Top 80% Contributors","Remaining 20%") -> Remaining 20%
A15: =IFERROR(__xludf.DUMMYFUNCTION("""COMPUTED_VALUE"""),"PROJ-018") -> PROJ-018 | B15: =IFERROR(__xludf.DUMMYFUNCTION("""COMPUTED_VALUE"""),564800.0) -> 564800 | C15: =SUM($B$3:B15) -> 13276906 | D15: =B15/$C$22 -> 0.037595278 | E15: =C15/$C$22 -> 0.88376232 | F15: =IF(E15<=0.8,"Top 80% Contributors","Remaining 20%") -> Remaining 20%
A16: =IFERROR(__xludf.DUMMYFUNCTION("""COMPUTED_VALUE"""),"PROJ-010") -> PROJ-010 | B16: =IFERROR(__xludf.DUMMYFUNCTION("""COMPUTED_VALUE"""),538666.67) -> 538666.67 | C16: =SUM($B$3:B16) -> 13815572 | D16: =B16/$C$22 -> 0.035855742 | E16: =C16/$C$22 -> 0.91961806 | F16: =IF(E16<=0.8,"Top 80% Contributors","Remaining 20%") -> Remaining 20%
A17: =IFERROR(__xludf.DUMMYFUNCTION("""COMPUTED_VALUE"""),"PROJ-001") -> PROJ-001 | B17: =IFERROR(__xludf.DUMMYFUNCTION("""COMPUTED_VALUE"""),265725.0) -> 265725 | C17: =SUM($B$3:B17) -> 14081297 | D17: =B17/$C$22 -> 0.017687686 | E17: =C17/$C$22 -> 0.93730575 | F17: =IF(E17<=0.8,"Top 80% Contributors","Remaining 20%") -> Remaining 20%
A18: =IFERROR(__xludf.DUMMYFUNCTION("""COMPUTED_VALUE"""),"PROJ-023") -> PROJ-023 | B18: =IFERROR(__xludf.DUMMYFUNCTION("""COMPUTED_VALUE"""),244566.0) -> 244566 | C18: =SUM($B$3:B18) -> 14325863 | D18: =B18/$C$22 -> 0.016279261 | E18: =C18/$C$22 -> 0.95358501 | F18: =IF(E18<=0.8,"Top 80% Contributors","Remaining 20%") -> Remaining 20%
A19: =IFERROR(__xludf.DUMMYFUNCTION("""COMPUTED_VALUE"""),"PROJ-020") -> PROJ-020 | B19: =IFERROR(__xludf.DUMMYFUNCTION("""COMPUTED_VALUE"""),242628.33) -> 242628.33 | C19: =SUM($B$3:B19) -> 14568492 | D19: =B19/$C$22 -> 0.016150282 | E19: =C19/$C$22 -> 0.96973529 | F19: =IF(E19<=0.8,"Top 80% Contributors","Remaining 20%") -> Remaining 20%
A20: =IFERROR(__xludf.DUMMYFUNCTION("""COMPUTED_VALUE"""),"PROJ-012") -> PROJ-012 | B20: =IFERROR(__xludf.DUMMYFUNCTION("""COMPUTED_VALUE"""),184666.66999999998) -> 184666.67 | C20: =SUM($B$3:B20) -> 14753158 | D20: =B20/$C$22 -> 0.01229213 | E20: =C20/$C$22 -> 0.98202742 | F20: =IF(E20<=0.8,"Top 80% Contributors","Remaining 20%") -> Remaining 20%
A21: =IFERROR(__xludf.DUMMYFUNCTION("""COMPUTED_VALUE"""),"PROJ-003") -> PROJ-003 | B21: =IFERROR(__xludf.DUMMYFUNCTION("""COMPUTED_VALUE"""),180230.0) -> 180230 | C21: =SUM($B$3:B21) -> 14933388 | D21: =B21/$C$22 -> 0.011996808 | E21: =C21/$C$22 -> 0.99402423 | F21: =IF(E21<=0.8,"Top 80% Contributors","Remaining 20%") -> Remaining 20%
A22: =IFERROR(__xludf.DUMMYFUNCTION("""COMPUTED_VALUE"""),"PROJ-021") -> PROJ-021 | B22: =IFERROR(__xludf.DUMMYFUNCTION("""COMPUTED_VALUE"""),89775.0) -> 89775 | C22: =SUM($B$3:B22) -> 15023163 | D22: =B22/$C$22 -> 0.0059757721 | E22: =C22/$C$22 -> 1 | F22: =IF(E22<=0.8,"Top 80% Contributors","Remaining 20%") -> Remaining 20%

Sheet Executive KPIs
A1: Executive KPI Dashboard
A2: Total Logged Hours | B2: =SUM('Raw Data'!E:E) -> 10913.8
A3: Total Billed Hours | B3: =SUM('Raw Data'!F:F) -> 5066.8
A4: Total Leakage Hours | B4: =SUM('Raw Data'!G:G) -> 5847
A5: Total Leakage INR | B5: =SUM('Raw Data'!H:H) -> 15023163
A6: Overall Leakage % | B6: =SUM('Raw Data'!G:G)/SUM('Raw Data'!E:E) -> 0.53574374
A7: High Risk Projects | B7: =COUNTIF('Raw Data'!J:J,"HIGH RISK") -> 40
A8: Missing Invoice Cases | B8: =COUNTIF('Raw Data'!K:K,"NO INVOICE") -> 16
A9: Billing Efficiency % | B9: =1 - (SUM('Raw Data'!G:G)/SUM('Raw Data'!E:E)) -> 0.46425626

Sheet PM Heatmap
A1: Revenue Leakage Analysis by Project Manager (Jan – Jun 2025)
A2: Total Leakage: ₹1.50 Cr | Top 3 Managers Contribute ~72%
I4: % Contribution
I5: =H5/$H$11 -> 0.34637262
I6: =H6/$H$11 -> 0.18653625
I7: =H7/$H$11 -> 0.18394442
I8: =H8/$H$11 -> 0.1298521
I9: =H9/$H$11 -> 0.09689038
I10: =H10/$H$11 -> 0.056404233
I11: =H11/$H$11 -> 1
